from,to,same_frequency,frequency_Hz,M_uH,k_effective,P_from_to_W,Q_from_to_VAR,S_from_to_VA,P_to_from_W,Q_to_from_VAR,S_to_from_VA,Pmax_matched_from_to_W,Pmax_matched_to_from_W,omega_rad_s
A1_C1,A1_C2,True,16000.0,2.486795985810865,0.0025,2.242436626533434e-14,12.453752080708403,12.453752080708403,-2.241992225294769e-14,12.453752080708403,12.453752080708403,0.15567190100885503,0.15567190100885503,100530.96491487337
A1_C1,A2_C1,False,,5.626976975981913,0.008,0.0,0.0,0.0,0.0,0.0,0.0,0.0,0.0,0.0
A1_C1,B1_C1,True,16000.0,3.9788735772973833,0.004,7.665994288205582e-06,-19.926003082895093,19.926003082896568,-7.66599428815815e-06,-19.926003082895093,19.926003082896568,0.3985200665826688,0.39852005673319396,100530.96491487337
A1_C2,A2_C2,False,,5.626976975981913,0.008,0.0,0.0,0.0,0.0,0.0,0.0,0.0,0.0,0.0
A1_C2,B1_C2,True,16000.0,3.9788735772973833,0.004,7.665994218058167e-06,-19.926003082895047,19.92600308289652,-7.665994218005385e-06,-19.926003082895043,19.926003082896518,0.3985200665826688,0.39852005673319196,100530.96491487337
A2_C1,A2_C2,True,32000.0,1.2433979929054324,0.0025,4.5156347917979464e-14,10.496355641709451,10.496355641709451,-4.491077868494267e-14,10.496355641709451,10.496355641709451,0.13120444552136812,0.13120444552136815,201061.92982974675
A2_C1,A3_C1,False,,3.9788735772973833,0.008,0.0,0.0,0.0,0.0,0.0,0.0,0.0,0.0,0.0
A2_C1,B2_C1,True,32000.0,1.9894367886486917,0.004,-19.08206842214139,-4.572968267500255,19.622369226035115,19.08206842214139,-4.572968267500255,19.622369226035115,0.3358833805347023,0.45853697605388855,201061.92982974675
A2_C2,A3_C2,False,,3.9788735772973833,0.008,0.0,0.0,0.0,0.0,0.0,0.0,0.0,0.0,0.0
A2_C2,B2_C2,True,32000.0,1.9894367886486917,0.004,-19.082068422141386,-4.572968267500324,19.622369226035126,19.082068422141386,-4.5729682675003245,19.622369226035126,0.33588338053470246,0.458536976053889,201061.92982974675
A3_C1,A3_C2,True,64000.0,1.2433979929054324,0.0025,-6.142158461600455e-14,5.248525181561464,5.248525181561464,6.157884759031383e-14,5.248525181561464,5.248525181561464,0.06560656476951825,0.06560656476951834,402123.8596594935
A3_C1,A3_C3,True,64000.0,1.2433979929054324,0.0025,-0.008220725656730179,5.248723447509629,5.248729885292983,0.00822072565673021,5.248723447509629,5.248729885292983,0.06560656476951825,0.06561168246260489,402123.8596594935
A3_C1,A3_C4,True,64000.0,1.2433979929054324,0.0025,-0.008220725656750425,5.248723447509632,5.248729885292986,0.008220725656750456,5.248723447509632,5.248729885292986,0.06560656476951825,0.06561168246260496,402123.8596594935
A3_C1,A4_C1,False,,3.9788735772973833,0.008,0.0,0.0,0.0,0.0,0.0,0.0,0.0,0.0,0.0
A3_C1,B3_C1,True,64000.0,1.9894367886486917,0.004,-7.5073955616443895,5.8337305238067385,9.507544369782995,7.5073955616443895,5.833730523806738,9.507544369782995,0.16795280580996666,0.21528285760386662,402123.8596594935
A3_C2,A3_C3,True,64000.0,1.2433979929054324,0.0025,-0.008220725656668844,5.248723447509634,5.248729885292987,0.008220725656668771,5.248723447509634,5.248729885292987,0.06560656476951834,0.06561168246260489,402123.8596594935
A3_C2,A3_C4,True,64000.0,1.2433979929054324,0.0025,-0.00822072565668909,5.248723447509637,5.248729885292991,0.008220725656689017,5.248723447509637,5.248729885292991,0.06560656476951834,0.06561168246260496,402123.8596594935
A3_C2,A4_C2,False,,3.9788735772973833,0.008,0.0,0.0,0.0,0.0,0.0,0.0,0.0,0.0,0.0
A3_C2,B3_C2,True,64000.0,1.9894367886486917,0.004,-7.507395561644306,5.83373052380686,9.507544369783004,7.507395561644306,5.83373052380686,9.507544369783004,0.16795280580996694,0.21528285760386662,402123.8596594935
A3_C3,A3_C4,True,64000.0,1.2433979929054324,0.0025,-2.0318344936841243e-14,5.248934597008394,5.248934597008394,2.0391673209883825e-14,5.248934597008394,5.248934597008394,0.06561168246260489,0.06561168246260496,402123.8596594935
A3_C3,A4_C3,False,,3.9788735772973833,0.008,0.0,0.0,0.0,0.0,0.0,0.0,0.0,0.0,0.0
A3_C3,B3_C3,True,64000.0,1.9894367886486917,0.004,-7.509515403528005,5.832779928003649,9.508635195670651,7.509515403528004,5.832779928003649,9.50863519567065,0.16796590710426845,0.21531546453226383,402123.8596594935
A3_C4,A4_C4,False,,3.9788735772973833,0.008,0.0,0.0,0.0,0.0,0.0,0.0,0.0,0.0,0.0
A3_C4,B3_C4,True,64000.0,1.9894367886486917,0.004,-7.509515403527992,5.8327799280036565,9.508635195670644,7.509515403527992,5.8327799280036565,9.508635195670644,0.1679659071042687,0.2153154645322633,402123.8596594935
A4_C1,A4_C2,True,128000.0,1.2433979929054324,0.0025,-3.4825423453500984e-15,1.8178020683842255,1.8178020683842255,3.461229860991343e-15,1.8178020683842255,1.8178020683842255,0.022722525854802826,0.022722525854802805,804247.719318987
A4_C1,A4_C3,True,128000.0,1.2433979929054324,0.0025,-1.4880344005412545e-07,1.8178022245459193,1.8178022245459255,1.4880344005499377e-07,1.8178022245459193,1.8178022245459255,0.022722525854802826,0.02272252975884548,804247.719318987
A4_C1,A4_C4,True,128000.0,1.2433979929054324,0.0025,-1.488034467495967e-07,1.8178022245459171,1.8178022245459233,1.488034467523951e-07,1.8178022245459171,1.8178022245459233,0.022722525854802826,0.022722529758845422,804247.719318987
A4_C1,A4_C5,True,128000.0,1.2433979929054324,0.0025,-0.0016901114288197913,1.819456414669549,1.8194571996501627,0.001690111428819787,1.819456414669549,1.8194571996501627,0.022722525854802826,0.02276392297416984,804247.719318987
A4_C1,A4_C6,True,128000.0,1.2433979929054324,0.0025,-0.0016901114288245887,1.819456414669545,1.8194571996501587,0.0016901114288245761,1.819456414669545,1.8194571996501587,0.022722525854802826,0.022763922974169744,804247.719318987
A4_C1,A4_C7,True,128000.0,1.2433979929054324,0.0025,-0.0016901114288164262,1.819456414669549,1.8194571996501627,0.001690111428816419,1.819456414669549,1.8194571996501627,0.022722525854802826,0.022763922974169848,804247.719318987
A4_C1,A4_C8,True,128000.0,1.2433979929054324,0.0025,-0.001690111428821421,1.8194564146695449,1.8194571996501585,0.001690111428821422,1.8194564146695449,1.8194571996501585,0.022722525854802826,0.022763922974169733,804247.719318987
A4_C1,B4_C1,True,128000.0,13.926057520540843,0.028,-7.606989834372505,-24.400552652437998,25.558819692713623,7.606989834372505,-24.400552652437998,25.558819692713623,2.850313643226466,4.492054411796447,804247.719318987
A4_C1,U_A,True,128000.0,2.567629490508004,0.012000000000000002,-3.3585175980154554,6.018790655150488,6.892422027611654,3.3585175980154554,6.018790655150488,6.892422027611654,0.3141161974167943,0.3266684134162371,804247.719318987
A4_C2,A4_C3,True,128000.0,1.2433979929054324,0.0025,-1.4880343659345318e-07,1.8178022245459187,1.8178022245459247,1.4880343659964904e-07,1.8178022245459187,1.8178022245459247,0.022722525854802805,0.02272252975884548,804247.719318987
A4_C2,A4_C4,True,128000.0,1.2433979929054324,0.0025,-1.4880344326116885e-07,1.8178022245459164,1.8178022245459224,1.488034432692948e-07,1.8178022245459164,1.8178022245459224,0.022722525854802805,0.022722529758845422,804247.719318987
A4_C2,A4_C5,True,128000.0,1.2433979929054324,0.0025,-0.001690111428816328,1.819456414669548,1.8194571996501616,0.0016901114288163303,1.819456414669548,1.8194571996501616,0.022722525854802805,0.02276392297416984,804247.719318987
A4_C2,A4_C6,True,128000.0,1.2433979929054324,0.0025,-0.0016901114288210976,1.819456414669544,1.8194571996501576,0.0016901114288210917,1.819456414669544,1.8194571996501576,0.022722525854802805,0.022763922974169744,804247.719318987
A4_C2,A4_C7,True,128000.0,1.2433979929054324,0.0025,-0.0016901114288129348,1.8194564146695484,1.819457199650162,0.0016901114288129346,1.8194564146695484,1.819457199650162,0.022722525854802805,0.022763922974169848,804247.719318987
A4_C2,A4_C8,True,128000.0,1.2433979929054324,0.0025,-0.0016901114288179577,1.8194564146695442,1.8194571996501578,0.0016901114288179375,1.8194564146695442,1.8194571996501578,0.022722525854802805,0.022763922974169733,804247.719318987
A4_C2,B4_C2,True,128000.0,13.926057520540843,0.028,-7.606989834372556,-24.400552652437998,25.558819692713637,7.606989834372556,-24.400552652437995,25.558819692713634,2.8503136432264635,4.492054411796456,804247.719318987
A4_C2,U_A,True,128000.0,2.567629490508004,0.012000000000000002,-3.358517598015442,6.018790655150491,6.892422027611651,3.358517598015442,6.018790655150491,6.892422027611651,0.314116197416794,0.3266684134162371,804247.719318987
A4_C3,A4_C4,True,128000.0,1.2433979929054324,0.0025,-6.6622598047268076e-15,1.8178023807076358,1.8178023807076358,6.675102416468215e-15,1.8178023807076358,1.8178023807076358,0.02272252975884548,0.022722529758845422,804247.719318987
A4_C3,A4_C5,True,128000.0,1.2433979929054324,0.0025,-0.0016899626351488074,1.8194565711117126,1.8194573559540488,0.0016899626351488106,1.8194565711117126,1.8194573559540488,0.02272252975884548,0.02276392297416984,804247.719318987
A4_C3,A4_C6,True,128000.0,1.2433979929054324,0.0025,-0.0016899626351536048,1.8194565711117086,1.8194573559540448,0.0016899626351536,1.8194565711117086,1.8194573559540448,0.02272252975884548,0.022763922974169744,804247.719318987
A4_C3,A4_C7,True,128000.0,1.2433979929054324,0.0025,-0.001689962635145442,1.8194565711117128,1.819457355954049,0.0016899626351454427,1.8194565711117128,1.819457355954049,0.02272252975884548,0.022763922974169848,804247.719318987
A4_C3,A4_C8,True,128000.0,1.2433979929054324,0.0025,-0.0016899626351504372,1.8194565711117083,1.8194573559540448,0.0016899626351504458,1.8194565711117083,1.8194573559540448,0.02272252975884548,0.022763922974169733,804247.719318987
A4_C3,B4_C3,True,128000.0,13.926057520540843,0.028,-7.6069899431268055,-24.40055680902891,25.558823693305595,7.6069899431268055,-24.40055680902891,25.558823693305595,2.8503141329495767,4.492055046236514,804247.719318987
A4_C3,U_A,True,128000.0,2.567629490508004,0.012000000000000002,-3.3585173938430835,6.018791447130834,6.892422619718107,3.3585173938430835,6.018791447130833,6.892422619718106,0.31411625138627997,0.3266684134162371,804247.719318987
A4_C4,A4_C5,True,128000.0,1.2433979929054324,0.0025,-0.0016899626351421324,1.8194565711117103,1.8194573559540466,0.0016899626351421122,1.8194565711117103,1.8194573559540466,0.022722529758845422,0.02276392297416984,804247.719318987
A4_C4,A4_C6,True,128000.0,1.2433979929054324,0.0025,-0.0016899626351469022,1.8194565711117063,1.8194573559540426,0.0016899626351469014,1.8194565711117063,1.8194573559540426,0.022722529758845422,0.022763922974169744,804247.719318987
A4_C4,A4_C7,True,128000.0,1.2433979929054324,0.0025,-0.0016899626351387395,1.8194565711117103,1.8194573559540466,0.0016899626351387443,1.8194565711117103,1.8194573559540466,0.022722529758845422,0.022763922974169848,804247.719318987
A4_C4,A4_C8,True,128000.0,1.2433979929054324,0.0025,-0.0016899626351437624,1.8194565711117061,1.8194573559540423,0.0016899626351437472,1.8194565711117061,1.8194573559540423,0.022722529758845422,0.022763922974169733,804247.719318987
A4_C4,B4_C4,True,128000.0,13.926057520540843,0.028,-7.6069899431269254,-24.400556809028867,25.55882369330559,7.606989943126925,-24.400556809028867,25.55882369330559,2.850314132949569,4.492055046236521,804247.719318987
A4_C4,U_A,True,128000.0,2.567629490508004,0.012000000000000002,-3.3585173938430573,6.018791447130839,6.892422619718099,3.358517393843057,6.018791447130838,6.892422619718098,0.3141162513862791,0.3266684134162371,804247.719318987
A4_C5,A4_C6,True,128000.0,1.2433979929054324,0.0025,-4.80174486828534e-15,1.8211138379335832,1.8211138379335832,4.7929161799102376e-15,1.8211138379335832,1.8211138379335832,0.02276392297416984,0.022763922974169744,804247.719318987
A4_C5,A4_C7,True,128000.0,1.2433979929054324,0.0025,3.3660978571037283e-15,1.8211138379335874,1.8211138379335874,-3.37039852241331e-15,1.8211138379335874,1.8211138379335874,0.02276392297416984,0.022763922974169848,804247.719318987
A4_C5,A4_C8,True,128000.0,1.2433979929054324,0.0025,-1.6338907395374428e-15,1.821113837933583,1.821113837933583,1.6362799393549292e-15,1.821113837933583,1.821113837933583,0.02276392297416984,0.022763922974169733,804247.719318987
A4_C5,B4_C5,True,128000.0,13.926057520540843,0.028,-7.6073555832856465,-24.441979256478003,25.598480598360684,7.6073555832856465,-24.441979256478,25.59848059836068,2.8555064978798645,4.497811966056136,804247.719318987
A4_C5,U_A,True,128000.0,2.567629490508004,0.012000000000000002,-3.355978115944352,6.0273908395218685,6.898697663113635,3.355978115944352,6.027390839521868,6.8986976631136345,0.3146884711949239,0.3266684134162371,804247.719318987
A4_C6,A4_C7,True,128000.0,1.2433979929054324,0.0025,8.15877784653374e-15,1.8211138379335832,1.8211138379335832,-8.17237958117887e-15,1.8211138379335832,1.8211138379335832,0.022763922974169744,0.022763922974169848,804247.719318987
A4_C6,A4_C8,True,128000.0,1.2433979929054324,0.0025,3.158789249892558e-15,1.821113837933579,1.821113837933579,-3.165701119410641e-15,1.821113837933579,1.821113837933579,0.022763922974169744,0.022763922974169733,804247.719318987
A4_C6,B4_C6,True,128000.0,13.926057520540843,0.028,-7.607355583285783,-24.441979256477918,25.59848059836064,7.607355583285783,-24.441979256477918,25.59848059836064,2.855506497879852,4.497811966056141,804247.719318987
A4_C6,U_A,True,128000.0,2.567629490508004,0.012000000000000002,-3.3559781159443283,6.027390839521863,6.898697663113619,3.3559781159443287,6.027390839521863,6.89869766311362,0.3146884711949225,0.3266684134162371,804247.719318987
A4_C7,A4_C8,True,128000.0,1.2433979929054324,0.0025,-5.004525452430972e-15,1.8211138379335834,1.8211138379335834,5.0021416059784315e-15,1.8211138379335834,1.8211138379335834,0.022763922974169848,0.022763922974169733,804247.719318987
A4_C7,B4_C7,True,128000.0,13.926057520540843,0.028,-7.607355583285604,-24.441979256478,25.59848059836067,7.607355583285605,-24.441979256478,25.59848059836067,2.8555064978798645,4.497811966056129,804247.719318987
A4_C7,U_A,True,128000.0,2.567629490508004,0.012000000000000002,-3.355978115944364,6.027390839521862,6.898697663113636,3.355978115944364,6.027390839521862,6.898697663113636,0.314688471194924,0.3266684134162371,804247.719318987
A4_C8,B4_C8,True,128000.0,13.926057520540843,0.028,-7.607355583285738,-24.44197925647791,25.59848059836062,7.607355583285738,-24.441979256477914,25.598480598360627,2.855506497879851,4.497811966056136,804247.719318987
A4_C8,U_A,True,128000.0,2.567629490508004,0.012000000000000002,-3.355978115944339,6.027390839521857,6.8986976631136185,3.355978115944339,6.027390839521857,6.8986976631136185,0.3146884711949224,0.3266684134162371,804247.719318987
B4_C1,B4_C2,True,128000.0,1.2433979929054324,0.0025,1.5972073123047325e-16,2.8648306197681452,2.8648306197681452,-7.891219913039489e-17,2.8648306197681452,2.8648306197681452,0.035810382747101785,0.03581038274710185,804247.719318987
B4_C1,B4_C3,True,128000.0,1.2433979929054324,0.0025,-3.615397230321359e-07,2.864830822076807,2.86483082207683,3.6153972305400073e-07,2.864830822076807,2.86483082207683,0.035810382747101785,0.03581038780481914,804247.719318987
B4_C1,B4_C4,True,128000.0,1.2433979929054324,0.0025,-3.615397193676692e-07,2.86483082207681,2.8648308220768333,3.615397193525471e-07,2.86483082207681,2.8648308220768333,0.035810382747101785,0.035810387804819224,804247.719318987
B4_C1,B4_C5,True,128000.0,1.2433979929054324,0.0025,-0.004004517970839351,2.8666631896448225,2.8666659866522304,0.004004517970839365,2.8666631896448225,2.8666659866522304,0.035810382747101785,0.03585628161715669,804247.719318987
B4_C1,B4_C6,True,128000.0,1.2433979929054324,0.0025,-0.00400451797082947,2.8666631896448243,2.866665986652232,0.004004517970829508,2.8666631896448243,2.866665986652232,0.035810382747101785,0.035856281617156746,804247.719318987
B4_C1,B4_C7,True,128000.0,1.2433979929054324,0.0025,-0.004004517970838537,2.8666631896448207,2.8666659866522286,0.004004517970838571,2.8666631896448207,2.8666659866522286,0.035810382747101785,0.03585628161715665,804247.719318987
B4_C1,B4_C8,True,128000.0,1.2433979929054324,0.0025,-0.004004517970829322,2.8666631896448225,2.8666659866522304,0.004004517970829359,2.8666631896448225,2.8666659866522304,0.035810382747101785,0.03585628161715669,804247.719318987
B4_C1,B3_C1,False,,3.9788735772973833,0.008,0.0,0.0,0.0,0.0,0.0,0.0,0.0,0.0,0.0
B4_C1,U_B,True,128000.0,2.567629490508004,0.012000000000000002,-10.123213776533248,6.015868683925693,11.775828344011746,10.123213776533248,6.015868683925693,11.775828344011746,0.49504273109593505,0.6050538041881393,804247.719318987
B4_C2,B4_C3,True,128000.0,1.2433979929054324,0.0025,-3.6153972312188666e-07,2.86483082207681,2.8648308220768333,3.6153972320288323e-07,2.86483082207681,2.8648308220768333,0.03581038274710185,0.03581038780481914,804247.719318987
B4_C2,B4_C4,True,128000.0,1.2433979929054324,0.0025,-3.6153971945741995e-07,2.864830822076813,2.864830822076836,3.615397195014296e-07,2.864830822076813,2.864830822076836,0.03581038274710185,0.035810387804819224,804247.719318987
B4_C2,B4_C5,True,128000.0,1.2433979929054324,0.0025,-0.004004517970839552,2.866663189644825,2.866665986652233,0.004004517970839517,2.866663189644825,2.866665986652233,0.03581038274710185,0.03585628161715669,804247.719318987
B4_C2,B4_C6,True,128000.0,1.2433979929054324,0.0025,-0.004004517970829671,2.8666631896448274,2.8666659866522353,0.00400451797082966,2.8666631896448274,2.8666659866522353,0.03581038274710185,0.035856281617156746,804247.719318987
B4_C2,B4_C7,True,128000.0,1.2433979929054324,0.0025,-0.004004517970838627,2.8666631896448234,2.8666659866522313,0.004004517970838724,2.8666631896448234,2.8666659866522313,0.03581038274710185,0.03585628161715665,804247.719318987
B4_C2,B4_C8,True,128000.0,1.2433979929054324,0.0025,-0.0040045179708294125,2.866663189644825,2.866665986652233,0.004004517970829511,2.866663189644825,2.866665986652233,0.03581038274710185,0.03585628161715669,804247.719318987
B4_C2,B3_C2,False,,3.9788735772973833,0.008,0.0,0.0,0.0,0.0,0.0,0.0,0.0,0.0,0.0
B4_C2,U_B,True,128000.0,2.567629490508004,0.012000000000000002,-10.123213776533257,6.015868683925698,11.775828344011755,10.123213776533257,6.0158686839256985,11.775828344011757,0.495042731095936,0.6050538041881393,804247.719318987
B4_C3,B4_C4,True,128000.0,1.2433979929054324,0.0025,3.7423546096255835e-15,2.8648310243855346,2.8648310243855346,-3.7345886416314354e-15,2.8648310243855346,2.8648310243855346,0.03581038780481914,0.035810387804819224,804247.719318987
B4_C3,B4_C5,True,128000.0,1.2433979929054324,0.0025,-0.004004156482638337,2.8666633925882667,2.8666661890905276,0.004004156482638327,2.8666633925882667,2.8666661890905276,0.03581038780481914,0.03585628161715669,804247.719318987
B4_C3,B4_C6,True,128000.0,1.2433979929054324,0.0025,-0.004004156482628456,2.866663392588269,2.86666618909053,0.004004156482628469,2.866663392588269,2.86666618909053,0.03581038780481914,0.035856281617156746,804247.719318987
B4_C3,B4_C7,True,128000.0,1.2433979929054324,0.0025,-0.004004156482637524,2.8666633925882654,2.8666661890905263,0.004004156482637533,2.8666633925882654,2.8666661890905263,0.03581038780481914,0.03585628161715665,804247.719318987
B4_C3,B4_C8,True,128000.0,1.2433979929054324,0.0025,-0.004004156482628309,2.866663392588267,2.866666189090528,0.004004156482628321,2.866663392588267,2.866666189090528,0.03581038780481914,0.03585628161715669,804247.719318987
B4_C3,B3_C3,False,,3.9788735772973833,0.008,0.0,0.0,0.0,0.0,0.0,0.0,0.0,0.0,0.0
B4_C3,U_B,True,128000.0,2.567629490508004,0.012000000000000002,-10.12321373221592,6.015870386297286,11.775829175597515,10.12321373221592,6.015870386297286,11.775829175597515,0.4950428010138198,0.6050538041881393,804247.719318987
B4_C4,B4_C5,True,128000.0,1.2433979929054324,0.0025,-0.004004156482642043,2.86666339258827,2.8666661890905307,0.004004156482642105,2.86666339258827,2.8666661890905307,0.035810387804819224,0.03585628161715669,804247.719318987
B4_C4,B4_C6,True,128000.0,1.2433979929054324,0.0025,-0.004004156482632162,2.866663392588272,2.866666189090533,0.004004156482632248,2.866663392588272,2.866666189090533,0.035810387804819224,0.035856281617156746,804247.719318987
B4_C4,B4_C7,True,128000.0,1.2433979929054324,0.0025,-0.004004156482641229,2.866663392588268,2.866666189090529,0.0040041564826412005,2.866663392588268,2.866666189090529,0.035810387804819224,0.03585628161715665,804247.719318987
B4_C4,B4_C8,True,128000.0,1.2433979929054324,0.0025,-0.004004156482632014,2.8666633925882703,2.866666189090531,0.004004156482631988,2.8666633925882703,2.866666189090531,0.035810387804819224,0.03585628161715669,804247.719318987
B4_C4,B3_C4,False,,3.9788735772973833,0.008,0.0,0.0,0.0,0.0,0.0,0.0,0.0,0.0,0.0
B4_C4,U_B,True,128000.0,2.567629490508004,0.012000000000000002,-10.123213732215937,6.015870386297279,11.775829175597526,10.12321373221594,6.015870386297279,11.775829175597528,0.4950428010138208,0.6050538041881393,804247.719318987
B4_C5,B4_C6,True,128000.0,1.2433979929054324,0.0025,9.812017509857941e-15,2.8685025293725372,2.8685025293725372,-9.824193130019769e-15,2.8685025293725372,2.8685025293725372,0.03585628161715669,0.035856281617156746,804247.719318987
B4_C5,B4_C7,True,128000.0,1.2433979929054324,0.0025,8.532704306664154e-16,2.8685025293725337,2.8685025293725337,-8.630739439447291e-16,2.8685025293725337,2.8685025293725337,0.03585628161715669,0.03585628161715665,804247.719318987
B4_C5,B4_C8,True,128000.0,1.2433979929054324,0.0025,1.0068121535055215e-14,2.8685025293725355,2.8685025293725355,-1.0083866488969338e-14,2.8685025293725355,2.8685025293725355,0.03585628161715669,0.03585628161715669,804247.719318987
B4_C5,U_B,True,128000.0,2.567629490508004,0.012000000000000002,-10.121280273870052,6.033867336574545,11.783372582483008,10.121280273870052,6.033867336574544,11.783372582483006,0.49567723707557415,0.6050538041881393,804247.719318987
B4_C6,B4_C7,True,128000.0,1.2433979929054324,0.0025,-9.01297759250991e-15,2.868502529372536,2.868502529372536,9.017910975219163e-15,2.868502529372536,2.868502529372536,0.035856281617156746,0.03585628161715665,804247.719318987
B4_C6,B4_C8,True,128000.0,1.2433979929054324,0.0025,2.0187351187888864e-16,2.8685025293725377,2.8685025293725377,-2.0288156980544572e-16,2.8685025293725377,2.8685025293725377,0.035856281617156746,0.03585628161715669,804247.719318987
B4_C6,U_B,True,128000.0,2.567629490508004,0.012000000000000002,-10.12128027387008,6.033867336574514,11.783372582483013,10.121280273870081,6.033867336574514,11.783372582483015,0.49567723707557476,0.6050538041881393,804247.719318987
B4_C7,B4_C8,True,128000.0,1.2433979929054324,0.0025,9.274015000416437e-15,2.8685025293725337,2.8685025293725337,-9.272650951459481e-15,2.8685025293725337,2.8685025293725337,0.03585628161715665,0.03585628161715669,804247.719318987
B4_C7,U_B,True,128000.0,2.567629490508004,0.012000000000000002,-10.121280273870047,6.033867336574537,11.783372582482997,10.121280273870047,6.033867336574538,11.783372582482997,0.49567723707557354,0.6050538041881393,804247.719318987
B4_C8,U_B,True,128000.0,2.567629490508004,0.012000000000000002,-10.121280273870072,6.033867336574509,11.783372582483006,10.121280273870074,6.0338673365745095,11.783372582483006,0.49567723707557415,0.6050538041881393,804247.719318987
B3_C1,B3_C2,True,64000.0,1.2433979929054324,0.0025,2.560697871567875e-14,6.727589300120834,6.727589300120834,-2.5725652843239014e-14,6.727589300120834,6.727589300120834,0.08409486625151041,0.08409486625151041,402123.8596594935
B3_C1,B3_C3,True,64000.0,1.2433979929054324,0.0025,-0.011989231196664805,6.72808808188788,6.728098764086806,0.011989231196664674,6.72808808188788,6.728098764086806,0.08409486625151041,0.08410760333291556,402123.8596594935
B3_C1,B3_C4,True,64000.0,1.2433979929054324,0.0025,-0.011989231196681062,6.728088081887872,6.728098764086799,0.01198923119668119,6.728088081887872,6.728098764086799,0.08409486625151041,0.08410760333291538,402123.8596594935
B3_C1,B2_C1,False,,3.9788735772973833,0.008,0.0,0.0,0.0,0.0,0.0,0.0,0.0,0.0,0.0
B3_C2,B3_C3,True,64000.0,1.2433979929054324,0.0025,-0.011989231196690178,6.728088081887879,6.728098764086806,0.011989231196690193,6.728088081887879,6.728098764086806,0.08409486625151041,0.08410760333291556,402123.8596594935
B3_C2,B3_C4,True,64000.0,1.2433979929054324,0.0025,-0.011989231196706876,6.728088081887871,6.728098764086798,0.011989231196706708,6.728088081887871,6.728098764086798,0.08409486625151041,0.08410760333291538,402123.8596594935
B3_C2,B2_C2,False,,3.9788735772973833,0.008,0.0,0.0,0.0,0.0,0.0,0.0,0.0,0.0,0.0
B3_C3,B3_C4,True,64000.0,1.2433979929054324,0.0025,-1.6364403271379345e-14,6.728608266633238,6.728608266633238,1.6422311368368295e-14,6.728608266633238,6.728608266633238,0.08410760333291556,0.08410760333291538,402123.8596594935
B2_C1,B2_C2,True,32000.0,1.2433979929054324,0.0025,1.0354845766193227e-14,14.329280501684025,14.329280501684025,-1.0757844349239847e-14,14.329280501684025,14.329280501684025,0.17911600627105026,0.1791160062710504,201061.92982974675
B2_C1,B1_C1,False,,5.626976975981913,0.008,0.0,0.0,0.0,0.0,0.0,0.0,0.0,0.0,0.0
B2_C2,B1_C2,False,,5.626976975981913,0.008,0.0,0.0,0.0,0.0,0.0,0.0,0.0,0.0,0.0
B1_C1,B1_C2,True,16000.0,2.486795985810865,0.0025,6.627313395281201e-14,12.453751772912282,12.453751772912282,-6.62820355752779e-14,12.453751772912282,12.453751772912282,0.1556718971614039,0.15567189716140314,100530.96491487337
U_A,U_B,True,128000.0,7.364140263374006,0.08,10.945370699703465,-48.169976039782384,49.39785148594153,-10.945370699703467,-48.169976039782384,49.39785148594153,8.711157691099652,16.134768111683712,804247.719318987
