time_s,time_us_relative,I_U_A_A,I_U_B_A,V_cap_U_A_V,V_cap_U_B_V,V_direct_U_B_from_U_A_V,V_direct_U_A_from_U_B_V,V_input_A4_to_U_A_V,V_output_U_B_to_B4_V,P_inst_U_A_to_U_B_W,P_inst_U_B_to_U_A_W,P_inst_net_U_A_to_U_B_W
0.00443750000000073,0.0,-2.862449740352262,3.191594245309362,149.27480413858893,-261.88622286360766,-11.633434902736266,20.419995022629355,-3.261743675435884,56.95815619036853,-37.12920388875414,-58.451209450519876,21.322005561765735
0.004437988281250729,0.488281249998862,-3.4159203332371075,4.302621433983952,56.819861916404605,-151.5268511280808,-4.425860917224676,11.81692858159172,8.671037450962972,32.961343188126996,-19.042804046282765,-40.36568661826989,21.322882571987126
0.004438476562500728,0.976562499997724,-3.44936547625473,4.758643337968352,-44.2779454580122,-18.091168799339037,3.455362333007997,1.414688430748388,19.278445416569838,3.946036446628796,16.44283694623529,-4.87977743268047,21.32261437891576
0.0044389648437507265,1.464843749996586,-2.9577029232424983,4.490224008247866,-138.62804053217016,118.107164237559,10.810402916309513,-9.203092837672314,26.946153066379825,-25.670486143688823,48.54113071364572,27.220014588855502,21.32111612479022
0.004439453125000725,1.953124999995448,-2.0157922796061074,3.538216373266474,-211.86738510055946,236.3335753988991,16.519540633214998,-18.419962008078922,30.50755783792399,-51.379399060290226,58.44970914728212,37.130817206523304,21.318891940758817
0.004439941406250724,2.4414062499943103,-0.7670379816984448,2.0475431921398046,-252.84708765265546,318.5892151659032,19.713633572629373,-24.832735293241683,29.421358121192444,-69.26675613285286,40.36451621397597,19.04765115937984,21.31686505459613
0.004440429687500723,2.929687499993172,0.5984430007123533,0.24513433076896518,-255.32967742608292,352.3511168439593,19.90643622228081,-27.465120307830187,23.85392731534033,-76.60935326120473,4.879750921343894,-16.436309011943692,21.316059933287587
0.004440917968750722,3.417968749992034,1.8727649590414548,-1.5946208068202352,-218.9386521523008,332.478715907582,17.06862493390321,-25.916347956248078,14.65394619335152,-72.28931217368348,-27.21798446341272,-48.53522831878702,21.3172438553743
0.004441406250000721,3.906249999990896,2.861922299155131,-3.1916461549097273,-149.21574140413003,261.99647821361395,11.632261075785497,-20.422186368651467,3.2231570580441167,-56.96426858309224,-37.126061335436866,-58.44671056594559,21.32064923050872
0.00444189453125072,4.394531249989758,3.4153251969680873,-4.302817644783809,-56.77716986050895,151.63348811471485,4.425012440715452,-11.819048048262246,-8.697082192606258,-32.96725508543776,-19.040021608298314,-40.36589260340654,21.32587099510823
0.0044423828125007185,4.882812499988621,3.4487255181430103,-4.758976311154744,44.30262598837659,18.19008864025517,-3.4558528515406977,-1.416654564224598,-19.29094721519863,-3.951520646674143,16.446321855318754,-4.885652746035137,21.331974601353892
0.004442871093750717,5.371093749987482,2.9570427390537675,-4.490680949038487,138.63376093575246,-118.01976379765567,-10.810516625819018,9.201355598918871,-26.944631371211038,25.665640407137523,48.54658106082929,27.208801763234778,21.337779297594512
0.004443359375000716,5.859374999986344,2.015137242416735,-3.538779722594477,211.85392547737965,-236.26105396176212,-16.519273163582437,18.41852042943231,-30.49207108304569,51.37537801808999,58.45806890328464,37.11584646756252,21.34222243572212
0.004443847656250715,6.3476562499852065,0.7664132667978732,-2.048191301430309,252.8149652552662,-318.53436056388944,-19.71299520260598,24.83164477814107,-29.392501480394365,69.26371432361834,40.37598529911498,19.031301994379447,21.344683304735533
0.004444335937500714,6.835937499984068,-0.5990133833183433,-0.2458422938760183,255.2801267817603,-352.31603799674406,-19.905451484479496,27.464422768602148,-23.812809829662577,76.60740759235145,4.893601853582233,-16.451556803505714,21.345158657087946
0.004444824218750713,7.32421874998293,-1.8732590873460762,1.5938801964871085,218.8735776200607,-332.4647617689874,-17.06733167201952,25.91607020339519,-14.60214815033037,72.28853742861818,-27.203281958909123,-48.54751401680891,21.344232057899788
0.004445312500000712,7.812499999981792,-2.862321181624904,3.190901358851278,149.13764398978583,-262.0041859234631,-11.63070899027856,20.42233908049661,-3.1626692605549342,56.96469454720821,-37.11244512148363,-58.45529372843151,21.342848606947882
0.004445800781250711,8.300781249980654,-3.4156135024001593,4.302097285648506,56.68905110224041,-151.66256234829126,-4.423261178837623,11.81962536054499,8.763934934029722,32.968865401362656,-19.029299911191746,-40.37127197478882,21.341972063597073
0.0044462890625007094,8.789062499979517,-3.448892164857298,4.758308072780689,-44.39737937030083,-18.239412949035206,3.4577359879665557,1.4176342954215495,19.361595426399866,3.9542534427634024,16.452973065085573,-4.889267814112378,21.342240879197952
0.004446777343750708,9.277343749978378,-2.957081320777422,4.490090512570705,-138.731507192229,117.95208408973744,10.812459266785963,-9.200011095208675,27.01635966133329,-25.66189013921439,48.548920771352854,27.205180960586606,21.343739810766248
0.004447265625000707,9.765624999977241,-2.0150462744942246,3.538289779562108,-211.9509077849552,236.17761895492114,16.521200652056358,-18.41686281779373,30.562122499519898,-51.37075438803972,58.456795413265844,37.11083080886647,21.345964604399377
0.004447753906250706,10.253906249976103,-0.7661962432647718,2.047820681710702,-252.907456093446,318.43837586969613,19.714833463574955,-24.8297377559367,29.45818346164925,-69.2583950045659,40.372443703191024,19.024451789848165,21.34799191334286
0.004448242187500705,10.742187499974964,0.5993481239914131,0.24560524205767303,-255.3645711847597,352.21119155545097,19.907129871639675,-27.462339618151844,23.87159768381133,-76.60159699305478,4.889295450797596,-16.45950173055437,21.348797181351966
0.004448730468750704,11.230468749973827,1.8736986826801603,-1.5939745685336857,-218.94672979786824,332.3550821307555,17.068785682700963,-25.913890975809608,14.651782083157256,-72.28245883824358,-27.20721029397722,-48.554823384491755,21.347613090514535
0.004449218750000703,11.718749999972689,2.862848739416512,-3.1908494221573287,-149.19669206821223,261.89388743959796,11.63188274427788,-20.420147519388543,3.2012412240159414,-56.95858155453824,-37.11558633318087,-58.45979358458071,21.344207251399837
0.0044497070312507015,12.20703124997155,3.4162087498672777,-4.301901033627907,-56.73172518820375,151.55588322164448,4.42410956589677,-11.817505683838116,-8.737907910386316,-32.96295291819067,-19.032081514414426,-40.37106631873406,21.338984804319633
0.0044501953125007,12.695312499970413,3.4495322277014733,-4.757975044647682,44.37271995120766,18.140452367147397,-3.4572455745622523,-1.4156679589295522,-19.34911423923938,-3.9487686764395176,16.449488166985834,-4.883392248051856,21.33288041503769
0.004450683593750699,13.183593749969274,2.9577416022231193,-4.489633503637313,138.72581083844926,-118.03952347992144,-10.81234567711228,9.201748528059492,-27.01790466296177,25.666736417167808,48.54346940487136,27.21639443463691,21.32707497023445
0.004451171875000698,13.671874999968136,2.0157014005245615,-3.5377263495481364,211.9643941652867,-236.25017717720277,-16.52146825511368,18.41830457980413,-30.57763503139986,51.37477594170251,58.44843357933873,37.125802336799126,21.322631242539607
0.004451660156250697,14.160156249966999,0.7668210377287825,-2.0471724799614583,252.93960769793608,-318.4932647379789,-19.715471979351342,24.830828441944238,-29.487068101726216,69.26143729051665,40.36097166557933,19.04080163351705,21.32017003206228
0.004452148437500696,14.64843749996586,-0.5987776718728399,-0.24489717560059554,255.41415320494613,-352.2463018203489,-19.908114766127756,27.463037314208652,-23.912745121354934,76.60354309935565,4.875441077757198,-16.444253545558787,21.319694623315986
0.004452636718750695,15.136718749964723,-1.873204495590414,1.5947152921226972,219.01183757245272,-332.369064535892,-17.07007911068897,25.9141688699057,-14.7036117421156,72.28323397728315,-27.22191619555991,-48.54253762659651,21.320621431036603
0.0044531250000006935,15.624999999963585,-2.8624498094613355,3.191594340296138,149.27482427092815,-261.88620457265927,-11.633435003684395,20.419994931821556,-3.2617619969573726,56.95815593707539,-37.1292053159621,-58.45121060179405,21.32200528583195
0.004453613281250692,16.113281249962448,-3.4159204087109947,4.302621522499686,56.819879945377345,-151.5268301675825,-4.425861007760161,11.816928477633127,8.671021151650779,32.96134289815191,-19.04280482758102,-40.36568715502514,21.322882327444123
0.004454101562500691,16.601562499961307,-3.4493655573697617,4.7586434191691245,-44.27792970708123,-18.091145369831253,3.455362253839389,1.4146883145364866,19.278431296551382,3.9460361224751606,16.4428368500782,-4.879777146575637,21.32261399665384
0.00445458984375069,17.08984374996017,-2.957703009214976,4.49022408135268,-138.6280272120273,118.10718991189843,10.810402849353359,-9.203092965133038,26.946141261728023,-25.670486499219166,48.54113120329008,27.220015757059162,21.321115446230916
0.004455078125000689,17.578124999959034,-2.01579236960023,3.5382164375646137,-211.86737434038878,236.33360307218996,16.51954057918739,-18.41996214566916,30.507548462374913,-51.37939944407515,58.44971001829648,37.13081914156497,21.31889087673151
0.004455566406250688,18.066406249957893,-0.7670380748355523,2.0475432469987047,-252.84707955669538,318.5892445727196,19.713633532099198,-24.832735439721652,29.42135126504005,-69.2667565414342,40.36451721245694,19.04765358458469,21.316863627872248
0.004456054687500687,18.554687499956756,0.5984429053435034,0.24513437564231905,-255.3296720725275,352.3511477017192,19.90643619565687,-27.46512046183858,23.853923044565246,-76.60935369078534,4.879751808086008,-16.436306484791984,21.31605829287799
0.0044565429687506855,19.04296874995562,1.8727648623737327,-1.5946207723844688,-218.93864959251076,332.4787479191724,17.068624921427443,-25.91634811630759,14.65394454899147,-72.28931262014268,-27.21798385574742,-48.53522611326653,21.317242257519112
0.004457031250000684,19.531249999954483,2.861922202131863,-3.191646131261949,-149.21574166216624,261.9965110702405,11.632261077532881,-20.422186533182177,3.2231580558104436,-56.96426904202311,-37.12606106593677,-58.44670905539242,21.32064798945565
0.004457519531250683,20.019531249953342,3.415325100532087,-4.302817632166547,-56.77717293298885,151.63352149895104,4.425012456600149,-11.819048215602693,-8.69707856246244,-32.96725555220591,-19.04002162081573,-40.36589203514685,21.32587041433112
0.004458007812500682,20.507812499952205,3.44872542322622,-4.75897630969807,44.3026201321115,18.190122229249504,-3.4558528217540303,-1.4166547326594638,-19.290940987773,-3.9515211164949915,16.446321708530657,-4.885653192456437,21.331974900987095
0.004458496093750681,20.99609374995107,2.957042646567792,-4.490680958757461,138.63375235318057,-118.01973032886788,-10.810516582500409,9.201355431126418,-26.944622606589487,25.665639939108573,48.54658097136637,27.20880041606899,21.33778055529738
0.00445898437500068,21.484374999949928,2.015137153244448,-3.5387797433888486,211.85391425208337,-236.26102093690514,-16.519273107220357,18.41852026400645,-30.492059865710694,51.37537755666226,58.45806904733956,37.11584449178513,21.34222455555443
0.004459472656250679,21.97265624994879,0.7664131817861037,-2.048191333086493,252.8149514959877,-318.5343283021181,-19.712995133791836,24.831644616760272,-29.392487918401336,69.26371387347365,40.37598578220865,19.031299759713015,21.344686022495637
0.004459960937500678,22.460937499947654,-0.5990134633651498,-0.24584233607118133,255.28011062125935,-352.31600680940346,-19.905451403894492,27.46442261286998,-23.812794053597774,76.60740715796265,4.893602673684798,-16.451558908659386,21.345161582344183
0.0044604492187506764,22.949218749946514,-1.873259161671426,1.5938801441792,218.87355921380012,-332.46473195651805,-17.067331580425314,25.916070054817364,-14.602130312058588,72.28853701418522,-27.203280920162516,-48.547515664705124,21.344234744542607
0.004460937500000675,23.437499999945377,-2.8623212495253547,3.1909012969531316,149.13762351446238,-262.004157772496,-11.630708888512121,20.422338940465586,-3.1626495317690915,56.964694156615124,-37.11244407683764,-58.45529471430377,21.342850637466128
0.004461425781250674,23.92578124994424,-3.4156135632302083,4.30209721477101,56.68902875417113,-151.66253612896242,-4.423261067810033,11.819625230332422,8.763956363444647,32.9688650381565,-19.029299120030586,-40.371272249021395,21.34197312899081
0.004461914062500673,24.4140624999431,-3.4488922180343216,4.758307993614985,-44.39740337693437,-18.23938891253445,3.457736107268371,1.4176341761777667,19.361618350176375,3.9542531101528406,16.452973359026252,-4.889267478238996,21.342240837265248
0.004462402343750672,24.902343749941963,-2.957081365786795,4.490090425880229,-138.7315326272827,117.9521057133832,10.812459393296178,-9.200011202449959,27.016383858789265,-25.661890438345996,48.548920402057924,27.20518169179454,21.343738710263384
0.004462890625000671,25.390624999940826,-2.0150463108946624,3.538289686175082,-211.95093440437645,236.17763795883926,16.521200784627897,-18.416862912107952,30.562147737668333,-51.370754651113444,58.45679433947656,37.110831669295855,21.345962670180704
0.00446337890625067,25.878906249939686,-0.7661962706937637,2.047820582513167,-252.9074836414849,318.43839207194907,19.714833600979656,-24.829737836500865,29.458209497433046,-69.25839522928614,40.37244202890831,19.024452532630804,21.347989496277506
0.0044638671875006685,26.36718749993855,0.5993481058122846,0.24560513798699107,-255.36459939633727,352.211204800622,19.90713001257269,-27.46233968423939,23.8716242664424,-76.60159717739492,4.8892934136628865,-16.459501270922413,21.3487946845853
0.004464355468750667,26.855468749937412,1.8736986739403694,-1.593974676495125,-218.94675840109315,332.355092291349,17.06878582579059,-25.913891026789976,14.651808956536513,-72.28245898044479,-27.207212364829132,-48.554823253531616,21.347610888702484
0.004464843750000666,27.34374999993627,2.862848740212574,-3.190849532988544,-149.19672078702754,261.89389441725604,11.631882888100916,-20.420147554732324,3.201268129212544,-56.95858165312381,-37.11558808127425,-58.459793702020306,21.34420562074606
0.004465332031250665,27.832031249935135,3.416208760199935,-4.301901146276304,-56.731753745133645,151.55588694816888,4.424109708999088,-11.817505703128004,-8.737881232624131,-32.962952971996586,-19.032082628395305,-40.371066506738586,21.33898387834328
0.004465820312500664,28.320312499933998,3.449532247474409,-4.757975158036939,44.37269183225078,18.140452805306808,-3.4572454336411558,-1.4156679618760193,-19.349088045968315,-3.9487686846581944,16.449487888501263,-4.883392286207701,21.332880174708965
0.004466308593750663,28.80859374993286,2.957741631243397,-4.489633616676442,138.72578342934509,-118.03952633583037,-10.8123455398127,9.201748541599555,-27.01787920654914,25.666736454935545,48.543470010664684,27.216394741722215,21.32707526894247
0.004466796875000662,29.29687499993172,2.015701438504866,-3.537726461141839,211.9643677309263,-236.25018330107633,-16.521468122829216,18.41830460980855,-30.577610557077616,51.37477602539483,58.448434955044306,37.12580309681191,21.3226318582324
0.0044672851562506605,29.785156249930584,0.7668210842913726,-2.047172589021685,252.93958249353165,-318.4932740719465,-19.715471853404555,24.83082848820937,-29.48704484522022,69.26143741956548,40.36097355791836,19.040802825181814,21.32017073273655
0.004467773437500659,30.273437499929447,-0.5987776171906659,-0.2448972810590544,255.41412947347806,-352.24631427516357,-19.908114647750065,27.463037376338317,-23.912723306612726,76.60354327265594,4.8754431482459255,-16.444252081022054,21.319695229267978
0.004468261718750658,30.761718749928306,-1.873204433329696,1.594715191301518,219.01181554229365,-332.3690799916937,-17.070079001005997,25.914168947307477,-14.703591579154878,72.28323419318244,-27.221914299621304,-48.54253615815111,21.320621858529805
0.004468750000000657,31.24999999992717,-2.8624497402340454,3.1915942451019697,149.2748041536717,-261.88622288011766,-11.633434903707302,20.419995023711603,-3.261743679855999,56.95815619338728,-37.12920388944061,-58.45120945120378,21.32200556176317
0.004469238281250656,31.738281249926033,-3.4159203331922625,4.302621433864095,56.819861933888575,-151.52685114940988,-4.425860918382787,11.81692858304959,8.671037446606906,32.96134319219348,-19.042804050735207,-40.36568662271993,21.32288257198472
0.004469726562500655,32.226562499924896,-3.4493654762900916,4.758643337954288,-44.27794544038852,-18.09116882264027,3.455362331838611,1.414688432360432,19.278445412546684,3.946036451125323,16.442836940621998,-4.879777438291025,21.322614378913023
0.004470214843750654,32.71484374992376,-2.9577029233527257,4.490224008341783,-138.62804051669025,118.10716421543353,10.81040291530638,-9.203092836151033,26.946153062908675,-25.670486139445465,48.54113071015671,27.220014585370436,21.321116124786272
0.0044707031250006525,33.203124999922615,-2.0157922797744945,3.5382163734541483,-211.8673850891822,236.33357538092008,16.519540632530333,-18.419962006879494,30.507557835141963,-51.379399056944614,58.44970914795992,37.13081720720719,21.318891940752735
0.004471191406250651,33.69140624992148,-0.7670379818994661,2.0475431923927783,-252.84708764671774,318.5892151544129,19.713633572366916,-24.8327352925462,29.421358119134478,-69.26675613091294,40.36451621842561,19.047651163838285,21.31686505458732
0.00447167968750065,34.17968749992034,0.5984430005091615,0.2451343310488675,-255.32967742609716,352.3511168403157,19.90643622248004,-27.46512030774407,23.853927313934683,-76.60935326096453,4.879750926964589,-16.43630900631147,21.31605993327606
0.004472167968750649,34.667968749919204,1.8727649588668531,-1.5946208065558416,-218.9386521578779,332.4787159119532,17.06862493453329,-25.916347956783945,14.653946192432269,-72.2893121751782,-27.217984459904624,-48.535228315265535,21.31724385536091
0.004472656250000648,35.15624999991807,2.861922299035495,-3.1916461547008863,-149.21574141403954,261.9964782249534,11.632261076750021,-20.422186369727257,3.2231570573767963,-56.96426858609298,-37.126061336085996,-58.446710566581174,21.320649230495178
0.004473144531250647,35.64453124991693,3.415325196921392,-4.302817644662076,-56.777169872867205,151.6334881309217,4.425012441867113,-11.819048049713722,-8.697082193288082,-32.96725508948641,-19.040021612715034,-40.36589260781191,21.325870995096874
0.004473632812500646,36.13281249991579,3.4487255181760963,-4.758976311138384,44.30262597581864,18.190088658494865,-3.455852850377686,-1.4166545658303256,-19.290947216151626,-3.9515206511530505,16.44632184972747,-4.885652751619722,21.331974601347195
0.004474121093750645,36.62109374991465,2.9570427391612992,-4.490680949129691,138.63376092526602,-118.0197637805189,-10.810516624822183,9.201355597403804,-26.94463137264216,25.6656404029115,48.546581057338784,27.208801759744098,21.337779297594686
0.0044746093750006434,37.10937499991351,2.0151372425820115,-3.5387797227790307,211.8539254709114,-236.26105394868694,-16.519273162903957,18.418520428238963,-30.492071085080337,51.37537801476135,58.45806890393235,37.115846468201916,21.342222435730434
0.004475097656250642,37.597656249912376,0.7664132669953787,-2.048191301679763,252.8149652541412,-318.53436055720636,-19.712995202349585,24.83164477745154,-29.392501483055693,69.26371432169502,40.37598530350732,19.031301998755367,21.344683304751953
0.004475585937500641,38.08593749991124,-0.5990133831190656,-0.24584229415201064,255.2801267864793,-352.31603799779964,-19.90545148468464,27.46442276852184,-23.81280983286753,76.60740759212744,4.893601859126418,-16.451556797984562,21.34515865711098
0.00447607421875064,38.5742187499101,-1.8732590871757748,1.5938801962270044,218.87357763022314,-332.4647617779386,-17.067331672655357,25.91607020393671,-14.602148153901792,72.28853743012867,-27.203281955483288,-48.547514013409774,21.344232057926487
0.004476562500000639,39.062499999908965,-2.8623211815099454,3.1909013586470967,149.13764400415016,-262.00418593925247,-11.630708991248687,20.422339081577896,-3.16266926424729,56.96469455022427,-37.11244512220444,-58.45529372917878,21.342848606974336
0.004477050781250638,39.55078124990782,-3.415613502358507,4.302097285531791,56.68905111891216,-151.6625623688073,-4.423261179994702,11.819625362001783,8.763934930493258,32.968865405426136,-19.029299915653354,-40.37127197927234,21.34197206361899
0.004477539062500637,40.039062499906684,-3.44889216489578,4.758308072769694,-44.39737935358117,-18.239412971433126,3.457735986798342,1.4176342970324138,19.361595423286083,3.954253447256639,16.452973059488833,-4.889267819722629,21.342240879211463
0.0044780273437506355,40.52734374990555,-2.9570813208906874,4.490090512667608,-138.73150717774269,117.95208406860331,10.812459265784128,-9.20001109368865,27.0163596588591,-25.661890134974534,48.54892076790229,27.20518095713381,21.34373981076848
0.004478515625000634,41.01562499990441,-2.0150462746655604,3.5382897797526844,-211.9509077746586,236.17761893801907,16.52120065137311,-18.41686281659563,30.56212249781991,-51.37075438469781,58.45679541399687,37.1108308096077,21.345964604389174
0.004479003906250633,41.503906249903274,-0.7661962434686431,2.0478206819664857,-252.9074560886732,318.4383758593657,19.714833463314037,-24.829737755242647,29.458183460755556,-69.25839500262994,40.372443707699446,19.024451794378454,21.347991913320993
0.004479492187500632,41.99218749990214,0.5993481237854763,0.24560524234028863,-255.36457118602027,352.2111915530475,19.90712987184051,-27.462339618067215,23.871597683649767,-76.60159699281873,4.889295456472987,-16.45950172484814,21.348797181321125
0.004479980468750631,42.48046874990099,1.8736986825029223,-1.5939745682666788,-218.94672980476994,332.35508213644425,17.06878568333275,-25.91389097634703,14.651782083558544,-72.28245883974265,-27.207210290426787,-48.554823380905795,21.34761309047901
0.00448046875000063,42.968749999899856,2.862848739294357,-3.1908494219459813,-149.19669207952126,261.89388745232947,11.631882745244218,-20.420147520465985,3.2012412247420934,-56.95858155754359,-37.11558633380594,-58.459793585170836,21.344207251364892
0.004480957031250629,43.45703124989872,3.4162087498181863,-4.30190103350378,-56.731725202033005,151.5558832393146,4.424109567050327,-11.81750568529134,-8.737907909604997,-32.9629529222442,-19.032081518827763,-40.37106632311844,21.33898480429068
0.0044814453125006275,43.94531249989758,3.449532227732292,-4.757975044629047,44.3727199371109,18.14045238691824,-3.4572455733972727,-1.4156679605371107,-19.349114238663134,-3.9487686809235334,16.449488161378465,-4.88339225364081,21.332880415019275
0.004481933593750626,44.433593749896446,2.9577416023285164,-4.489633503726365,138.72581082636003,-118.03952346118919,-10.812345676113374,9.20174852654249,-27.017904662801623,25.666736412936388,48.5434694013495,27.21639443111985,21.32707497022965
0.004482421875000625,44.92187499989531,2.0157014006878455,-3.537726349730672,211.9643941571557,-236.25017716247152,-16.521468254433074,18.418304578608762,-30.577635031784745,51.37477593836824,58.4484335799467,37.12580233739704,21.32263124254966
0.004482910156250624,45.410156249894165,0.7668210379244351,-2.0471724802090288,252.93960769509243,-318.4932647295831,-19.71547197909278,24.830828441252635,-29.48706810268326,69.26143728858753,40.360971669930976,19.04080163784493,21.320170032086047
0.004483398437500623,45.89843749989303,-0.5987776716752677,-0.24489717587484477,255.41415320789483,-352.2463018196391,-19.908114766330655,27.46303731412619,-23.912745122805667,76.60354309912563,4.875441083266673,-16.44425354008348,21.319694623350152
0.004483886718750622,46.38671874989189,-1.8732044954216678,1.5947152918641911,219.01183758079748,-332.36906454302914,-17.070079111322517,25.914168870444993,-14.703611743886794,72.28323397878741,-27.221916192157522,-48.542537623233805,21.320621431076283
0.004484375000000621,46.874999999890754,-2.862449809347779,3.191594340093405,149.2748242834317,-261.88620458659034,-11.633435004652183,20.41999493290056,-3.2617619988079176,56.95815594008509,-37.1292053166924,-58.45121060256382,21.32200528587142
0.0044848632812506195,47.36328124988962,-3.415920408670588,4.3026215223842685,56.81987996014983,-151.52683018620033,-4.4258610089148664,11.816928479087606,8.671021149993216,32.96134290220894,-19.042804832038456,-40.36568715951604,21.322882327477586
0.004485351562500618,47.85156249988848,-3.4493655574093314,4.75864341915927,-44.27792969229472,-18.09114539029551,3.455362252673562,1.4146883161449713,19.278431295349236,3.9460361269617588,16.442836844496398,-4.879777152179868,21.322613996676267
0.004485839843750617,48.33984374988734,-2.95770300932917,4.490224081450563,-138.62802719950344,118.10718989272883,10.810402848353917,-9.203092963615436,26.94614126119381,-25.670486494986072,48.541131199860516,27.220015753621485,21.32111544623903
0.004486328125000616,48.8281249998862,-2.0157923697723357,3.538216437756009,-211.8673743320793,236.3336030572786,16.519540578506557,-18.41996214447355,30.507548462638322,-51.379399440740194,58.44971001904931,37.13081914232505,21.31889087672426
0.004486816406250615,49.31640624988506,-0.7670380750400319,2.0475432472551387,-252.8470795539298,318.5892445644013,19.713633531840706,-24.832735439030138,29.421351266128724,-69.26675653950535,40.36451721698291,19.047653589132057,21.316863627850854
0.004487304687500614,49.804687499883926,0.5984429051371184,0.24513437592541698,-255.3296720758106,352.3511477013444,19.906436195860152,-27.465120461756516,23.853923046400258,-76.60935369055645,4.8797518137713105,-16.436306479074485,21.316058292845796
0.004487792968750613,50.29296874988279,1.8727648621962105,-1.594620772117152,-218.93864960144563,332.4787479269014,17.06862492206169,-25.916348116847615,14.653944551398748,-72.28931262164899,-27.217983852196074,-48.53522610967715,21.317242257481073
0.004488281250000612,50.78124999988165,2.8619222020095862,-3.1916461310504642,-149.21574167551435,261.9965110850187,11.632261078501681,-20.422186534262238,3.2231580585475053,-56.964269045035756,-37.126061066568795,-58.446709055986304,21.32064798941751
0.0044887695312506104,51.269531249880515,3.4153251004830376,-4.302817632042457,-56.77717294885834,151.63352151866934,4.425012457756172,-11.819048217058539,-8.697078559670086,-32.96725555626675,-19.040021625240783,-40.36589203953932,21.325870414298535
0.004489257812500609,51.75781249987937,3.448725423257244,-4.758976309679646,44.3026201159781,18.190122251064913,-3.455852820586575,-1.4166547342696698,-19.290940985190467,-3.951521120986391,16.446321702911092,-4.885653198053546,21.33197490096464
0.004489746093750608,52.246093749878234,2.9570426466735604,-4.490680958846902,138.63375233906308,-118.01973030809975,-10.81051658149903,9.201355429606776,-26.944622604432436,25.66563993486979,48.54658096783639,27.20880041254856,21.337780555287832
0.004490234375000607,52.7343749998771,2.0151371534082654,-3.5387797435719444,211.85391424193722,-236.2610209201518,-16.519273106537277,18.418520262808485,-30.49205986411279,51.375377553320746,58.4580690479469,37.11584449238835,21.342224555558552
0.004490722656250606,53.22265624987596,0.766413181982455,-2.048191333334796,252.8149514911468,-318.53432829171896,-19.71299513353078,24.831644616066075,-29.392487917394728,69.26371387153729,40.37598578656875,19.031299764056698,21.34468602251205
0.004491210937500605,53.710937499874824,-0.5990134631667137,-0.24584233634633512,255.28011062223342,-352.31600680671403,-19.905451404094933,27.46442261278496,-23.812794053108174,76.6074071577255,4.893602679211135,-16.45155890315852,21.345161582369656
0.004491699218750604,54.19921874987369,-1.8732591615016552,1.5938801439196224,218.8735592201977,-332.46473196170433,-17.067331581056433,25.91607005535416,-14.602130311917607,72.28853701568254,-27.203280916738144,-48.54751566131089,21.344234744572745
0.0044921875000006025,54.68749999987254,-2.862321249410612,3.1909012967491623,149.13762352505094,-262.0041577845097,-11.630708889477509,20.42233894154214,-3.16264953174042,56.96469415961799,-37.112444077545796,-58.45529471504189,21.342850637496092
0.004492675781250601,55.175781249871406,-3.415613563188458,4.302097214654194,56.689028767065416,-151.6625361457012,-4.423261068962376,11.819625231784498,8.763956363628989,32.96886504220683,-19.029299124471372,-40.37127225348765,21.34197312901628
0.0044931640625006,55.66406249987027,-3.448892218072391,4.758307993603577,-44.39740336398475,-18.2393889311626,3.4577361061048726,1.417634177783933,19.361618350774297,3.9542531146329725,16.45297335345052,-4.889267483832459,21.34224083728298
0.004493652343750599,56.15234374986913,-2.9570813658993367,4.490090425976408,-138.73153261654988,117.95210569600229,10.812459392299047,-9.200011200934613,27.01638386000858,-25.661890434119186,48.548920398620645,27.205181688348922,21.343738710271722
0.004494140625000598,56.640624999867995,-2.015046311064962,3.5382896863646245,-211.95093439780774,236.17763794566483,16.521200783949308,-18.416862910914492,30.562147739634824,-51.37075464778449,58.45679434020698,37.110831670027366,21.345962670179617
0.004494628906250597,57.12890624986686,-0.7661962708962935,2.0478205827676113,-252.9074836404055,318.43839206531186,19.714833600723313,-24.829737835811386,29.45820950017025,-69.25839522736294,40.3724420333997,19.02445253713129,21.34798949626841
0.004495117187500596,57.61718749986572,0.5993481056079915,0.24560513826796587,-255.36459940124786,352.2112048018684,19.907130012778072,-27.46233968415929,23.87162426986698,-76.6015971771715,4.889293419306732,-16.459501265264038,21.34879468457077
0.0044956054687505945,58.10546874986458,1.8736986737650754,-1.5939746762300582,-218.9467584115927,332.3550923006357,17.068785826426858,-25.913891027331886,14.651808960470664,-72.28245898195635,-27.207212361318955,-48.55482325000444,21.347610888685484
0.004496093750000593,58.59374999986344,2.8628487400926566,-3.190849532779432,-149.19672080187362,261.8938944335247,11.631882889071658,-20.420147555814182,3.2012681334098834,-56.95858165614146,-37.11558808193937,-58.45979370266877,21.344205620729397
0.004496582031250592,59.082031249862304,3.4162087601533715,-4.3019011461547025,-56.731753762430664,151.5558869693069,4.424109710156976,-11.817505704585543,-8.737881228441761,-32.96295297606214,-19.032082632838446,-40.37106651116757,21.338983878329124
0.004497070312500591,59.57031249986117,3.44953224750804,-4.757975158021113,44.372691814763904,18.14045282846798,-3.457245432471934,-1.4156679634878302,-19.349088042069383,-3.948768689154071,16.44948788288342,-4.883392291815305,21.332880174698726
0.00449755859375059,60.05859374986003,2.957741631351885,-4.489633616768584,138.72578341395155,-118.03952631379347,-10.812345538809664,9.20174854007838,-27.017879203152486,25.666736450692486,48.5434700071577,27.216394738221254,21.327075268936447
0.004498046875000589,60.54687499985889,2.01570143867151,-3.5377264613277357,211.9643677195848,-236.25018328313425,-16.521468122144583,18.41830460860915,-30.57761055432011,51.374776022049296,58.44843495569355,37.125803097463574,21.322631858229975
0.004498535156250588,61.03515624985775,0.7668210844906496,-2.0471725892728805,252.93958248757895,-318.4932740604413,-19.715471853142088,24.830828487513855,-29.48704484313663,69.26143741762547,40.360973562333484,19.04080282959669,21.320170732736795
0.0044990234375005865,61.52343749985661,-0.5987776169892158,-0.2448972813371832,255.4141294734267,-352.2463142714535,-19.908114647949212,27.463037376252085,-23.912723305131706,76.60354327241541,4.875443153831716,-16.44425207543799,21.319695229269705
0.004499511718750585,62.011718749855476,-1.873204433156828,1.594715191038887,219.01181554775468,-332.36907999594706,-17.070079001635936,25.91416894784316,-14.703591578110448,72.28323419467664,-27.221914296142746,-48.54253615467482,21.320621858532075
0.004500000000000584,62.49999999985434,-2.862449740116132,3.1915942448948775,149.27480416341484,-261.8862228912882,-12.769040134516706,22.253321965506025,-3.9695683244160698,62.07191465331915,-40.75359500615523,-63.699015676883334,22.945420670728105
